Workbook

Sheet Tiempo de procesamiento
A1: Codigo producto | B1: Maquina | C1: Etapa | D1: min x docena | E1: h x docena
A2: C01 | B2: M1 | C2: Troquelado | D2: 21.27 | E2: =D2/60 -> 0.3545
A3: C01 | B3: M2 | C3: Troquelado | D3: 21.27 | E3: =D3/60 -> 0.3545
A4: C01 | B4: M3 | C4: Troquelado | D4: 21.27 | E4: =D4/60 -> 0.3545
A5: C01 | B5: M4 | C5: Troquelado | D5: 21.27 | E5: =D5/60 -> 0.3545
A6: C01 | B6: M5 | C6: Ensamble | D6: 53.12 | E6: =D6/60 -> 0.88533333
A7: C01 | B7: M6 | C7: Ensamble | D7: 53.12 | E7: =D7/60 -> 0.88533333
A8: C01 | B8: M7 | C8: Ensamble | D8: 53.12 | E8: =D8/60 -> 0.88533333
A9: C01 | B9: M8 | C9: Ensamble | D9: 53.12 | E9: =D9/60 -> 0.88533333
A10: C01 | B10: M9 | C10: Ensamble | D10: 53.12 | E10: =D10/60 -> 0.88533333
A11: C01 | B11: M10 | C11: Ensamble | D11: 53.12 | E11: =D11/60 -> 0.88533333
A12: C01 | B12: M11 | C12: Ensamble | D12: 53.12 | E12: =D12/60 -> 0.88533333
A13: C01 | B13: M12 | C13: Ensamble | D13: 51.25 | E13: =D13/60 -> 0.85416667
... A253: V03 | B253: M36 | C253: Volteado | D253: 15.17 | E253: =D253/60 -> 0.25283333

Sheet Disponibilidad
A1: Fecha | B1: Dia semana | C1: Horas disponibles | D1: Horas acumuladas inicio día | E1: Horas acumuladas final día | G1: Dia | H1: Horas laborables | J1: Festivos
A2: 46146 | B2: =WEEKDAY(A2,2) -> 1 | C2: {=IF(COUNTIF($J$2:$J$9,A2)>0,0,INDEX($H$2:$H$8,B2))} -> 7 | D2: 0 | E2: =C2+D2 -> 7 | G2: 1 Lunes | H2: 7 | J2: 46160
A3: 46147 | B3: =WEEKDAY(A3,2) -> 2 | C3: {=IF(COUNTIF($J$2:$J$9,A3)>0,0,INDEX($H$2:$H$8,B3))} -> 8 | D3: =E2 -> 7 | E3: =C3+D3 -> 15 | G3: 2 Martes | H3: 8 | J3: 46181
A4: 46148 | B4: =WEEKDAY(A4,2) -> 3 | C4: {=IF(COUNTIF($J$2:$J$9,A4)>0,0,INDEX($H$2:$H$8,B4))} -> 7 | D4: =E3 -> 15 | E4: =C4+D4 -> 22 | G4: 3 Miercoles | H4: 7 | J4: 46188
A5: 46149 | B5: =WEEKDAY(A5,2) -> 4 | C5: {=IF(COUNTIF($J$2:$J$9,A5)>0,0,INDEX($H$2:$H$8,B5))} -> 8 | D5: =E4 -> 22 | E5: =C5+D5 -> 30 | G5: 4 Jueves | H5: 8 | J5: 46202
A6: 46150 | B6: =WEEKDAY(A6,2) -> 5 | C6: {=IF(COUNTIF($J$2:$J$9,A6)>0,0,INDEX($H$2:$H$8,B6))} -> 8 | D6: =E5 -> 30 | E6: =C6+D6 -> 38 | G6: 5 Viernes | H6: 8 | J6: 46216
A7: 46151 | B7: =WEEKDAY(A7,2) -> 6 | C7: {=IF(COUNTIF($J$2:$J$9,A7)>0,0,INDEX($H$2:$H$8,B7))} -> 4 | D7: =E6 -> 38 | E7: =C7+D7 -> 42 | G7: 6 Sabado | H7: 4 | J7: 46223
A8: 46152 | B8: =WEEKDAY(A8,2) -> 7 | C8: {=IF(COUNTIF($J$2:$J$9,A8)>0,0,INDEX($H$2:$H$8,B8))} -> 0 | D8: =E7 -> 42 | E8: =C8+D8 -> 42 | G8: 7 Domingo | H8: 0 | J8: 46241
A9: 46153 | B9: =WEEKDAY(A9,2) -> 1 | C9: {=IF(COUNTIF($J$2:$J$9,A9)>0,0,INDEX($H$2:$H$8,B9))} -> 7 | D9: =E8 -> 42 | E9: =C9+D9 -> 49 | G9: H x Semana | H9: =SUM(H2:H8) -> 42 | J9: 46251
A10: 46154 | B10: =WEEKDAY(A10,2) -> 2 | C10: {=IF(COUNTIF($J$2:$J$9,A10)>0,0,INDEX($H$2:$H$8,B10))} -> 8 | D10: =E9 -> 49 | E10: =C10+D10 -> 57
A11: 46155 | B11: =WEEKDAY(A11,2) -> 3 | C11: {=IF(COUNTIF($J$2:$J$9,A11)>0,0,INDEX($H$2:$H$8,B11))} -> 7 | D11: =E10 -> 57 | E11: =C11+D11 -> 64
A12: 46156 | B12: =WEEKDAY(A12,2) -> 4 | C12: {=IF(COUNTIF($J$2:$J$9,A12)>0,0,INDEX($H$2:$H$8,B12))} -> 8 | D12: =E11 -> 64 | E12: =C12+D12 -> 72
A13: 46157 | B13: =WEEKDAY(A13,2) -> 5 | C13: {=IF(COUNTIF($J$2:$J$9,A13)>0,0,INDEX($H$2:$H$8,B13))} -> 8 | D13: =E12 -> 72 | E13: =C13+D13 -> 80
A14: 46158 | B14: =WEEKDAY(A14,2) -> 6 | C14: {=IF(COUNTIF($J$2:$J$9,A14)>0,0,INDEX($H$2:$H$8,B14))} -> 4 | D14: =E13 -> 80 | E14: =C14+D14 -> 84
A15: 46159 | B15: =WEEKDAY(A15,2) -> 7 | C15: {=IF(COUNTIF($J$2:$J$9,A15)>0,0,INDEX($H$2:$H$8,B15))} -> 0 | D15: =E14 -> 84 | E15: =C15+D15 -> 84
A16: 46160 | B16: =WEEKDAY(A16,2) -> 1 | C16: {=IF(COUNTIF($J$2:$J$9,A16)>0,0,INDEX($H$2:$H$8,B16))} -> 0 | D16: =E15 -> 84 | E16: =C16+D16 -> 84
A17: 46161 | B17: =WEEKDAY(A17,2) -> 2 | C17: {=IF(COUNTIF($J$2:$J$9,A17)>0,0,INDEX($H$2:$H$8,B17))} -> 8 | D17: =E16 -> 84 | E17: =C17+D17 -> 92
A18: 46162 | B18: =WEEKDAY(A18,2) -> 3 | C18: {=IF(COUNTIF($J$2:$J$9,A18)>0,0,INDEX($H$2:$H$8,B18))} -> 7 | D18: =E17 -> 92 | E18: =C18+D18 -> 99
A19: 46163 | B19: =WEEKDAY(A19,2) -> 4 | C19: {=IF(COUNTIF($J$2:$J$9,A19)>0,0,INDEX($H$2:$H$8,B19))} -> 8 | D19: =E18 -> 99 | E19: =C19+D19 -> 107
A20: 46164 | B20: =WEEKDAY(A20,2) -> 5 | C20: {=IF(COUNTIF($J$2:$J$9,A20)>0,0,INDEX($H$2:$H$8,B20))} -> 8 | D20: =E19 -> 107 | E20: =C20+D20 -> 115
A21: 46165 | B21: =WEEKDAY(A21,2) -> 6 | C21: {=IF(COUNTIF($J$2:$J$9,A21)>0,0,INDEX($H$2:$H$8,B21))} -> 4 | D21: =E20 -> 115 | E21: =C21+D21 -> 119
... A168: 46312 | B168: =WEEKDAY(A168,2) -> 6 | C168: {=IF(COUNTIF($J$2:$J$9,A168)>0,0,INDEX($H$2:$H$8,B168))} -> 4 | D168: =E167 -> 947 | E168: =C168+D168 -> 951

Sheet Trabajos
A1: Orden de trabajo | B1: Codigo Producto | C1: Cantidad (docenas) | D1: Fecha de liberación | E1: r_j Liberación | F1: Fechas de entrega | G1: d_j horas
A2: J01 | B2: C01 | C2: 1172 | D2: 46146 | E2: =INDEX(Disponibilidad!$D$2:$D$168,MATCH(Trabajos!D2,Disponibilidad!$A$2:$A$168,0)) -> 0 | F2: 46266 | G2: =INDEX(Disponibilidad!$E$2:$E$168,MATCH(F2,Disponibilidad!$A$2:$A$168,0)) -> 672
A3: J02 | B3: C01 | C3: 624 | D3: 46146 | E3: =INDEX(Disponibilidad!$D$2:$D$168,MATCH(Trabajos!D3,Disponibilidad!$A$2:$A$168,0)) -> 0 | F3: 46248 | G3: =INDEX(Disponibilidad!$E$2:$E$168,MATCH(F3,Disponibilidad!$A$2:$A$168,0)) -> 576
A4: J03 | B4: C03 | C4: 630 | D4: 46148 | E4: =INDEX(Disponibilidad!$D$2:$D$168,MATCH(Trabajos!D4,Disponibilidad!$A$2:$A$168,0)) -> 15 | F4: 46231 | G4: =INDEX(Disponibilidad!$E$2:$E$168,MATCH(F4,Disponibilidad!$A$2:$A$168,0)) -> 477
A5: J04 | B5: V01 | C5: 660 | D5: 46153 | E5: =INDEX(Disponibilidad!$D$2:$D$168,MATCH(Trabajos!D5,Disponibilidad!$A$2:$A$168,0)) -> 42 | F5: 46245 | G5: =INDEX(Disponibilidad!$E$2:$E$168,MATCH(F5,Disponibilidad!$A$2:$A$168,0)) -> 553
A6: J05 | B6: C02 | C6: 426 | D6: 46155 | E6: =INDEX(Disponibilidad!$D$2:$D$168,MATCH(Trabajos!D6,Disponibilidad!$A$2:$A$168,0)) -> 57 | F6: 46254 | G6: =INDEX(Disponibilidad!$E$2:$E$168,MATCH(F6,Disponibilidad!$A$2:$A$168,0)) -> 603
A7: J06 | B7: C01 | C7: 768 | D7: 46155 | E7: =INDEX(Disponibilidad!$D$2:$D$168,MATCH(Trabajos!D7,Disponibilidad!$A$2:$A$168,0)) -> 57 | F7: 46261 | G7: =INDEX(Disponibilidad!$E$2:$E$168,MATCH(F7,Disponibilidad!$A$2:$A$168,0)) -> 645
A8: J07 | B8: V03 | C8: 336 | D8: 46157 | E8: =INDEX(Disponibilidad!$D$2:$D$168,MATCH(Trabajos!D8,Disponibilidad!$A$2:$A$168,0)) -> 72 | F8: 46217 | G8: =INDEX(Disponibilidad!$E$2:$E$168,MATCH(F8,Disponibilidad!$A$2:$A$168,0)) -> 400
A9: J08 | B9: C02 | C9: 486 | D9: 46161 | E9: =INDEX(Disponibilidad!$D$2:$D$168,MATCH(Trabajos!D9,Disponibilidad!$A$2:$A$168,0)) -> 84 | F9: 46252 | G9: =INDEX(Disponibilidad!$E$2:$E$168,MATCH(F9,Disponibilidad!$A$2:$A$168,0)) -> 588
A10: J09 | B10: C04 | C10: 210 | D10: 46163 | E10: =INDEX(Disponibilidad!$D$2:$D$168,MATCH(Trabajos!D10,Disponibilidad!$A$2:$A$168,0)) -> 99 | F10: 46221 | G10: =INDEX(Disponibilidad!$E$2:$E$168,MATCH(F10,Disponibilidad!$A$2:$A$168,0)) -> 427
A11: J10 | B11: V02 | C11: 522 | D11: 46166 | E11: =INDEX(Disponibilidad!$D$2:$D$168,MATCH(Trabajos!D11,Disponibilidad!$A$2:$A$168,0)) -> 119 | F11: 46264 | G11: =INDEX(Disponibilidad!$E$2:$E$168,MATCH(F11,Disponibilidad!$A$2:$A$168,0)) -> 657
