Workbook

Sheet Instrucciones
A1: ANOVA DE LA CALIBRACIÓN DEL ALGORITMO GENÉTICO, PASO A PASO
A3: Hoja "Corridas": los 135 resultados del diseño factorial 3³ (5 réplicas por combinación).
A4: Cada fila es una corrida del AG con su población, probabilidad de cruce, probabilidad de mutación y semilla.
A5: La respuesta analizada es la tardanza total ΣTj (columna E).
A7: Hoja "ANOVA": todas las cifras se calculan con fórmulas a partir de "Corridas". Pueden revisar cada celda.
A8: 1. Media general de ΣTj.
A9: 2. Efectos principales: media de cada nivel; SC del factor = Σ n_nivel · (media_nivel − media general)².
A10: 3. Interacciones dobles: SC = Σ n_celda · (media_celda − media_nivel_A − media_nivel_B + media general)².
A11: 4. SC total = Σ (ΣTj − media general)² (función DESVIA2 / DEVSQ).
A12: 5. SC del error = SC total − suma de las SC de los efectos (incluye la interacción triple).
A13: 6. CM = SC / gl; F = CM / CM del error; valor p = DISTR.F (cola derecha).
A15: Resultado esperado: población (F ≈ 20,65) y mutación (F ≈ 8,65) significativas (p < 0,001);
... A19: Para comprobar que los datos son reproducibles, usen fase2/verificar_reproduccion.py.

Sheet Corridas
A1: Población | B1: Prob. cruce | C1: Prob. mutación | D1: Semilla | E1: ΣTj (h) | F1: Cmax (h)
A2: 50 | B2: 0.7 | C2: 0.1 | D2: 1001 | E2: 99.962 | F2: 771.962
A3: 50 | B3: 0.7 | C3: 0.1 | D3: 1002 | E3: 4.2413333 | F3: 676.1715
A4: 50 | B4: 0.7 | C4: 0.1 | D4: 1003 | E4: 46.914 | F4: 718.914
A5: 50 | B5: 0.7 | C5: 0.1 | D5: 1004 | E5: 74.190167 | F5: 746.19017
A6: 50 | B6: 0.7 | C6: 0.1 | D6: 1005 | E6: 83.819833 | F6: 755.81983
A7: 50 | B7: 0.7 | C7: 0.3 | D7: 1001 | E7: 51.125667 | F7: 723.12567
A8: 50 | B8: 0.7 | C8: 0.3 | D8: 1002 | E8: 8.6473333 | F8: 680.64733
A9: 50 | B9: 0.7 | C9: 0.3 | D9: 1003 | E9: 46.965833 | F9: 718.96583
A10: 50 | B10: 0.7 | C10: 0.3 | D10: 1004 | E10: 56.531333 | F10: 728.53133
A11: 50 | B11: 0.7 | C11: 0.3 | D11: 1005 | E11: 4.7016667 | F11: 676.70167
A12: 50 | B12: 0.7 | C12: 0.5 | D12: 1001 | E12: 42.746167 | F12: 714.74617
A13: 50 | B13: 0.7 | C13: 0.5 | D13: 1002 | E13: 1.7428333 | F13: 673.74283
... A136: 150 | B136: 0.9 | C136: 0.5 | D136: 1005 | E136: 0 | F136: 660.92033

Sheet ANOVA
A1: ANOVA de la tardanza total (ΣTj)
A3: Media general | B3: =AVERAGE(Corridas!$E$2:$E$136)
A4: Número de corridas | B4: =COUNT(Corridas!$E$2:$E$136)
A6: Efecto principal: Población
A7: Nivel | B7: n | C7: Media ΣTj | D7: n·(media − media general)²
A8: 50 | B8: =COUNTIF(Corridas!$A$2:$A$136,A8) | C8: =AVERAGEIF(Corridas!$A$2:$A$136,A8,Corridas!$E$2:$E$136) | D8: =B8*(C8-$B$3)^2
A9: 100 | B9: =COUNTIF(Corridas!$A$2:$A$136,A9) | C9: =AVERAGEIF(Corridas!$A$2:$A$136,A9,Corridas!$E$2:$E$136) | D9: =B9*(C9-$B$3)^2
A10: 150 | B10: =COUNTIF(Corridas!$A$2:$A$136,A10) | C10: =AVERAGEIF(Corridas!$A$2:$A$136,A10,Corridas!$E$2:$E$136) | D10: =B10*(C10-$B$3)^2
C11: SC | D11: =SUM(D8:D10)
A13: Efecto principal: Prob. cruce
A14: Nivel | B14: n | C14: Media ΣTj | D14: n·(media − media general)²
A15: 0.7 | B15: =COUNTIF(Corridas!$B$2:$B$136,A15) | C15: =AVERAGEIF(Corridas!$B$2:$B$136,A15,Corridas!$E$2:$E$136) | D15: =B15*(C15-$B$3)^2
A16: 0.8 | B16: =COUNTIF(Corridas!$B$2:$B$136,A16) | C16: =AVERAGEIF(Corridas!$B$2:$B$136,A16,Corridas!$E$2:$E$136) | D16: =B16*(C16-$B$3)^2
A17: 0.9 | B17: =COUNTIF(Corridas!$B$2:$B$136,A17) | C17: =AVERAGEIF(Corridas!$B$2:$B$136,A17,Corridas!$E$2:$E$136) | D17: =B17*(C17-$B$3)^2
C18: SC | D18: =SUM(D15:D17)
A20: Efecto principal: Prob. mutación
A21: Nivel | B21: n | C21: Media ΣTj | D21: n·(media − media general)²
A22: 0.1 | B22: =COUNTIF(Corridas!$C$2:$C$136,A22) | C22: =AVERAGEIF(Corridas!$C$2:$C$136,A22,Corridas!$E$2:$E$136) | D22: =B22*(C22-$B$3)^2
A23: 0.3 | B23: =COUNTIF(Corridas!$C$2:$C$136,A23) | C23: =AVERAGEIF(Corridas!$C$2:$C$136,A23,Corridas!$E$2:$E$136) | D23: =B23*(C23-$B$3)^2
A24: 0.5 | B24: =COUNTIF(Corridas!$C$2:$C$136,A24) | C24: =AVERAGEIF(Corridas!$C$2:$C$136,A24,Corridas!$E$2:$E$136) | D24: =B24*(C24-$B$3)^2
C25: SC | D25: =SUM(D22:D24)
A27: Interacción: Población × Prob. cruce
A28: Población | B28: Prob. cruce | C28: n | D28: Media celda | E28: n·(celda − A − B + general)²
A29: 50 | B29: 0.7 | C29: =COUNTIFS(Corridas!$A$2:$A$136,A29,Corridas!$B$2:$B$136,B29) | D29: =AVERAGEIFS(Corridas!$E$2:$E$136,Corridas!$A$2:$A$136,A29,Corridas!$B$2:$B$136,B29) | E29: =C29*(D29-$C$8-$C$15+$B$3)^2
A30: 50 | B30: 0.8 | C30: =COUNTIFS(Corridas!$A$2:$A$136,A30,Corridas!$B$2:$B$136,B30) | D30: =AVERAGEIFS(Corridas!$E$2:$E$136,Corridas!$A$2:$A$136,A30,Corridas!$B$2:$B$136,B30) | E30: =C30*(D30-$C$8-$C$16+$B$3)^2
A31: 50 | B31: 0.9 | C31: =COUNTIFS(Corridas!$A$2:$A$136,A31,Corridas!$B$2:$B$136,B31) | D31: =AVERAGEIFS(Corridas!$E$2:$E$136,Corridas!$A$2:$A$136,A31,Corridas!$B$2:$B$136,B31) | E31: =C31*(D31-$C$8-$C$17+$B$3)^2
A32: 100 | B32: 0.7 | C32: =COUNTIFS(Corridas!$A$2:$A$136,A32,Corridas!$B$2:$B$136,B32) | D32: =AVERAGEIFS(Corridas!$E$2:$E$136,Corridas!$A$2:$A$136,A32,Corridas!$B$2:$B$136,B32) | E32: =C32*(D32-$C$9-$C$15+$B$3)^2
A33: 100 | B33: 0.8 | C33: =COUNTIFS(Corridas!$A$2:$A$136,A33,Corridas!$B$2:$B$136,B33) | D33: =AVERAGEIFS(Corridas!$E$2:$E$136,Corridas!$A$2:$A$136,A33,Corridas!$B$2:$B$136,B33) | E33: =C33*(D33-$C$9-$C$16+$B$3)^2
A34: 100 | B34: 0.9 | C34: =COUNTIFS(Corridas!$A$2:$A$136,A34,Corridas!$B$2:$B$136,B34) | D34: =AVERAGEIFS(Corridas!$E$2:$E$136,Corridas!$A$2:$A$136,A34,Corridas!$B$2:$B$136,B34) | E34: =C34*(D34-$C$9-$C$17+$B$3)^2
A35: 150 | B35: 0.7 | C35: =COUNTIFS(Corridas!$A$2:$A$136,A35,Corridas!$B$2:$B$136,B35) | D35: =AVERAGEIFS(Corridas!$E$2:$E$136,Corridas!$A$2:$A$136,A35,Corridas!$B$2:$B$136,B35) | E35: =C35*(D35-$C$10-$C$15+$B$3)^2
A36: 150 | B36: 0.8 | C36: =COUNTIFS(Corridas!$A$2:$A$136,A36,Corridas!$B$2:$B$136,B36) | D36: =AVERAGEIFS(Corridas!$E$2:$E$136,Corridas!$A$2:$A$136,A36,Corridas!$B$2:$B$136,B36) | E36: =C36*(D36-$C$10-$C$16+$B$3)^2
A37: 150 | B37: 0.9 | C37: =COUNTIFS(Corridas!$A$2:$A$136,A37,Corridas!$B$2:$B$136,B37) | D37: =AVERAGEIFS(Corridas!$E$2:$E$136,Corridas!$A$2:$A$136,A37,Corridas!$B$2:$B$136,B37) | E37: =C37*(D37-$C$10-$C$17+$B$3)^2
D38: SC | E38: =SUM(E29:E37)
A40: Interacción: Población × Prob. mutación
A41: Población | B41: Prob. mutación | C41: n | D41: Media celda | E41: n·(celda − A − B + general)²
A42: 50 | B42: 0.1 | C42: =COUNTIFS(Corridas!$A$2:$A$136,A42,Corridas!$C$2:$C$136,B42) | D42: =AVERAGEIFS(Corridas!$E$2:$E$136,Corridas!$A$2:$A$136,A42,Corridas!$C$2:$C$136,B42) | E42: =C42*(D42-$C$8-$C$22+$B$3)^2
A43: 50 | B43: 0.3 | C43: =COUNTIFS(Corridas!$A$2:$A$136,A43,Corridas!$C$2:$C$136,B43) | D43: =AVERAGEIFS(Corridas!$E$2:$E$136,Corridas!$A$2:$A$136,A43,Corridas!$C$2:$C$136,B43) | E43: =C43*(D43-$C$8-$C$23+$B$3)^2
A44: 50 | B44: 0.5 | C44: =COUNTIFS(Corridas!$A$2:$A$136,A44,Corridas!$C$2:$C$136,B44) | D44: =AVERAGEIFS(Corridas!$E$2:$E$136,Corridas!$A$2:$A$136,A44,Corridas!$C$2:$C$136,B44) | E44: =C44*(D44-$C$8-$C$24+$B$3)^2
A45: 100 | B45: 0.1 | C45: =COUNTIFS(Corridas!$A$2:$A$136,A45,Corridas!$C$2:$C$136,B45) | D45: =AVERAGEIFS(Corridas!$E$2:$E$136,Corridas!$A$2:$A$136,A45,Corridas!$C$2:$C$136,B45) | E45: =C45*(D45-$C$9-$C$22+$B$3)^2
A46: 100 | B46: 0.3 | C46: =COUNTIFS(Corridas!$A$2:$A$136,A46,Corridas!$C$2:$C$136,B46) | D46: =AVERAGEIFS(Corridas!$E$2:$E$136,Corridas!$A$2:$A$136,A46,Corridas!$C$2:$C$136,B46) | E46: =C46*(D46-$C$9-$C$23+$B$3)^2
A47: 100 | B47: 0.5 | C47: =COUNTIFS(Corridas!$A$2:$A$136,A47,Corridas!$C$2:$C$136,B47) | D47: =AVERAGEIFS(Corridas!$E$2:$E$136,Corridas!$A$2:$A$136,A47,Corridas!$C$2:$C$136,B47) | E47: =C47*(D47-$C$9-$C$24+$B$3)^2
A48: 150 | B48: 0.1 | C48: =COUNTIFS(Corridas!$A$2:$A$136,A48,Corridas!$C$2:$C$136,B48) | D48: =AVERAGEIFS(Corridas!$E$2:$E$136,Corridas!$A$2:$A$136,A48,Corridas!$C$2:$C$136,B48) | E48: =C48*(D48-$C$10-$C$22+$B$3)^2
A49: 150 | B49: 0.3 | C49: =COUNTIFS(Corridas!$A$2:$A$136,A49,Corridas!$C$2:$C$136,B49) | D49: =AVERAGEIFS(Corridas!$E$2:$E$136,Corridas!$A$2:$A$136,A49,Corridas!$C$2:$C$136,B49) | E49: =C49*(D49-$C$10-$C$23+$B$3)^2
A50: 150 | B50: 0.5 | C50: =COUNTIFS(Corridas!$A$2:$A$136,A50,Corridas!$C$2:$C$136,B50) | D50: =AVERAGEIFS(Corridas!$E$2:$E$136,Corridas!$A$2:$A$136,A50,Corridas!$C$2:$C$136,B50) | E50: =C50*(D50-$C$10-$C$24+$B$3)^2
D51: SC | E51: =SUM(E42:E50)
A53: Interacción: Prob. cruce × Prob. mutación
A54: Prob. cruce | B54: Prob. mutación | C54: n | D54: Media celda | E54: n·(celda − A − B + general)²
A55: 0.7 | B55: 0.1 | C55: =COUNTIFS(Corridas!$B$2:$B$136,A55,Corridas!$C$2:$C$136,B55) | D55: =AVERAGEIFS(Corridas!$E$2:$E$136,Corridas!$B$2:$B$136,A55,Corridas!$C$2:$C$136,B55) | E55: =C55*(D55-$C$15-$C$22+$B$3)^2
A56: 0.7 | B56: 0.3 | C56: =COUNTIFS(Corridas!$B$2:$B$136,A56,Corridas!$C$2:$C$136,B56) | D56: =AVERAGEIFS(Corridas!$E$2:$E$136,Corridas!$B$2:$B$136,A56,Corridas!$C$2:$C$136,B56) | E56: =C56*(D56-$C$15-$C$23+$B$3)^2
A57: 0.7 | B57: 0.5 | C57: =COUNTIFS(Corridas!$B$2:$B$136,A57,Corridas!$C$2:$C$136,B57) | D57: =AVERAGEIFS(Corridas!$E$2:$E$136,Corridas!$B$2:$B$136,A57,Corridas!$C$2:$C$136,B57) | E57: =C57*(D57-$C$15-$C$24+$B$3)^2
A58: 0.8 | B58: 0.1 | C58: =COUNTIFS(Corridas!$B$2:$B$136,A58,Corridas!$C$2:$C$136,B58) | D58: =AVERAGEIFS(Corridas!$E$2:$E$136,Corridas!$B$2:$B$136,A58,Corridas!$C$2:$C$136,B58) | E58: =C58*(D58-$C$16-$C$22+$B$3)^2
A59: 0.8 | B59: 0.3 | C59: =COUNTIFS(Corridas!$B$2:$B$136,A59,Corridas!$C$2:$C$136,B59) | D59: =AVERAGEIFS(Corridas!$E$2:$E$136,Corridas!$B$2:$B$136,A59,Corridas!$C$2:$C$136,B59) | E59: =C59*(D59-$C$16-$C$23+$B$3)^2
A60: 0.8 | B60: 0.5 | C60: =COUNTIFS(Corridas!$B$2:$B$136,A60,Corridas!$C$2:$C$136,B60) | D60: =AVERAGEIFS(Corridas!$E$2:$E$136,Corridas!$B$2:$B$136,A60,Corridas!$C$2:$C$136,B60) | E60: =C60*(D60-$C$16-$C$24+$B$3)^2
A61: 0.9 | B61: 0.1 | C61: =COUNTIFS(Corridas!$B$2:$B$136,A61,Corridas!$C$2:$C$136,B61) | D61: =AVERAGEIFS(Corridas!$E$2:$E$136,Corridas!$B$2:$B$136,A61,Corridas!$C$2:$C$136,B61) | E61: =C61*(D61-$C$17-$C$22+$B$3)^2
A62: 0.9 | B62: 0.3 | C62: =COUNTIFS(Corridas!$B$2:$B$136,A62,Corridas!$C$2:$C$136,B62) | D62: =AVERAGEIFS(Corridas!$E$2:$E$136,Corridas!$B$2:$B$136,A62,Corridas!$C$2:$C$136,B62) | E62: =C62*(D62-$C$17-$C$23+$B$3)^2
A63: 0.9 | B63: 0.5 | C63: =COUNTIFS(Corridas!$B$2:$B$136,A63,Corridas!$C$2:$C$136,B63) | D63: =AVERAGEIFS(Corridas!$E$2:$E$136,Corridas!$B$2:$B$136,A63,Corridas!$C$2:$C$136,B63) | E63: =C63*(D63-$C$17-$C$24+$B$3)^2
D64: SC | E64: =SUM(E55:E63)
A66: Tabla ANOVA
A67: Fuente | B67: SC | C67: gl | D67: CM | E67: F | F67: Valor p
A68: Población | B68: =D11 | C68: 2 | D68: =B68/C68 | E68: =D68/$D$74 | F68: =FDIST(E68,C68,$C$74)
A69: Prob. cruce | B69: =D18 | C69: 2 | D69: =B69/C69 | E69: =D69/$D$74 | F69: =FDIST(E69,C69,$C$74)
A70: Prob. mutación | B70: =D25 | C70: 2 | D70: =B70/C70 | E70: =D70/$D$74 | F70: =FDIST(E70,C70,$C$74)
A71: Población × Prob. cruce | B71: =E38 | C71: 4 | D71: =B71/C71 | E71: =D71/$D$74 | F71: =FDIST(E71,C71,$C$74)
A72: Población × Prob. mutación | B72: =E51 | C72: 4 | D72: =B72/C72 | E72: =D72/$D$74 | F72: =FDIST(E72,C72,$C$74)
A73: Prob. cruce × Prob. mutación | B73: =E64 | C73: 4 | D73: =B73/C73 | E73: =D73/$D$74 | F73: =FDIST(E73,C73,$C$74)
A74: Error | B74: =B75-SUM(B68:B73) | C74: =C75-SUM(C68:C73) | D74: =B74/C74
A75: Total | B75: =DEVSQ(Corridas!$E$2:$E$136) | C75: =B4-1
A77: Un valor p menor que 0,05 indica que el factor tiene efecto significativo sobre la tardanza total.
